{
  "seed": 42,
  "base_classes": [1, 8, 9, 10, 11, 12, 13, 16, 17, 18, 19, 21, 22, 23, 24, 27, 28, 29, 30, 31],
  "best_params": {
    "batch_size": 32,
    "learning_rate": 9.535743577592899e-05,
    "max_steps": 2029
  },
  "best_value": 0.901274240671681
}
    